ISO3,country_completeness
LIE,0.03496503496503497
AIA,0.15384615384615385
VGB,0.15384615384615385
MSR,0.15384615384615385
XKX,0.20279720279720279
TCA,0.20629370629370627
TKL,0.23076923076923078
ASM,0.30069930069930073
GRL,0.3076923076923077
BMU,0.3076923076923077
PYF,0.3076923076923077
PRI,0.46153846153846156
MCO,0.5384615384615384
SMR,0.5384615384615384
