Year,mean_error,mean_abs_error,n
2018,0.14494716107214367,0.35071890055769,192
2019,0.1514342292677959,0.44875169465462594,192
2020,-0.14400218344237983,0.5840097490052801,192
2021,-0.2107553786782446,0.7034428105428122,192
