Year,mean_error,mean_abs_error,n
2018,0.1449471610721432,0.35071890055768873,192
2019,0.15143422926779523,0.4487516946546262,192
2020,-0.14400218344238055,0.58400974900528,192
2021,-0.21075537867824504,0.7034428105428105,192
