target_quantile_bin,mean_error,mean_abs_error,n
"(51.499, 65.4]",0.0019467595893906083,0.41956818598742746,155
"(65.4, 71.5]",-0.20488695984530134,0.5368231071246227,153
"(71.5, 74.1]",0.03844338453348851,0.4918383100692978,157
"(74.1, 77.9]",-0.04671617133888825,0.7374691183961022,150
"(77.9, 82.8]",0.13601010762849128,0.4293023467685246,153
