target_quantile_bin,mean_error,mean_abs_error,n
"(51.499, 65.4]",0.0019467595893899667,0.4195681859874269,155
"(65.4, 71.5]",-0.20488695984530145,0.5368231071246239,153
"(71.5, 74.1]",0.038443384533488965,0.4918383100692968,157
"(74.1, 77.9]",-0.04671617133888674,0.7374691183961016,150
"(77.9, 82.8]",0.13601010762849192,0.42930234676852486,153
