metric,value
Shapiro_Wilk_stat,0.9209911319162177
Shapiro_Wilk_p,1.288277364946765e-19
Breusch_Pagan_stat,36.63304963837814
Breusch_Pagan_p,0.0002561529840049572
Durbin_Watson,1.6741077888239544
High_Influence_Count_CooksD_gt_0_5,0.0
